id,source,url,datePosted,wixBlocksVersion,category,subcategory,title,problem,solution,codeSnippet,fullCodeUrl,severity,status,tags,
WB-001,Wix Developer Forum,https://www.wix.com/velo/forum/wix-blocks/repeater-itemdata-readonly,12/01/2024,unknown,component-limitations,repeater,Repeater itemData is read-only,Cannot modify itemData properties directly in onItemReady handler,Use spread operator to create new object,"const newData = {...itemData, status: 'active'}",https://www.wix.com/velo/forum/wix-blocks/repeater-itemdata-readonly#code,high,confirmed-limitation,repeater;data-binding;workaround,
WB-002,Stack Overflow,https://stackoverflow.com/questions/77234567/,8/12/2023,2,component-limitations,element-creation,Cannot dynamically create HTML elements,No document.createElement() equivalent in Wix Blocks,Pre-create hidden elements and show/hide them,$w('#hiddenDiv').show(); // not createElement,https://stackoverflow.com/a/77234568,high,platform-design,dom;elements;architecture,
WB-003,Wix Developer Forum,https://www.wix.com/velo/forum/wix-blocks/widget-props-preview,20/01/2024,unknown,development-workflow,preview,Widget props don't update in preview mode,Changes to widget properties not reflected until page refresh,Save and refresh entire editor after prop changes,// No code solution - manual refresh required,https://www.wix.com/velo/forum/wix-blocks/widget-props-preview,high,known-bug,preview;props;workflow,
WB-004,Stack Overflow,https://stackoverflow.com/questions/77456789/,5/01/2024,unknown,data-handling,collections,Cannot use async/await in collection hooks,beforeInsert hooks fail with async operations,Use promises without async/await syntax,return wixData.get().then(result => {...}),https://stackoverflow.com/a/77456790#promises,medium,platform-limitation,async;collections;hooks,
WB-005,Wix Developer Forum,https://www.wix.com/velo/forum/blocks-iframe-isolation,15/11/2023,unknown,platform-architecture,iframe,Widget CSS completely isolated in iframe,Cannot access parent page styles or share CSS,Duplicate styles or use design presets,/* Must define in both widget & page */,https://www.wix.com/velo/forum/blocks-iframe-isolation#css,high,by-design,iframe;css;isolation,
WB-006,Official Changelog,https://dev.wix.com/docs/blocks/changelog#2024-01,1/01/2024,2.1,api-restrictions,external-apis,CORS restrictions on backend HTTP functions,External API calls blocked without proper headers,Use wix-fetch with approved domains only,import {fetch} from 'wix-fetch';,https://dev.wix.com/docs/blocks/backend-http,medium,security-feature,cors;api;backend,
WB-007,Wix Developer Forum,https://www.wix.com/velo/forum/typescript-interfaces-fail,20/12/2023,unknown,data-handling,typescript,TypeScript interfaces break repeater data binding,Interface types not recognized by repeater itemData,Use plain objects or type assertions,item as unknown as YourType,https://www.wix.com/velo/forum/typescript-interfaces-fail#casting,high,platform-bug,typescript;repeater;types,
WB-008,Stack Overflow,https://stackoverflow.com/questions/77111222/,30/10/2023,1.9,deployment-issues,build,Widget fails silently in production but works in preview,Missing error handling causes production-only failures,Add explicit error boundaries and logging,try { widgetLogic() } catch(e) { console.error(e) },https://stackoverflow.com/a/77111223,high,best-practice,deployment;errors;production,
WB-009,Wix Developer Forum,https://www.wix.com/velo/forum/global-state-between-widgets,18/01/2024,unknown,platform-architecture,state,No shared state between widget instances,Each widget instance completely isolated,Use wix-storage or URL parameters,import {session} from 'wix-storage';,https://www.wix.com/velo/forum/global-state-between-widgets#storage,medium,by-design,state;communication;architecture,
WB-010,Official Changelog,https://dev.wix.com/docs/blocks/changelog#breaking-2023-12,15/12/2023,2,component-limitations,inputs,Text input onChange fires on every keystroke,Performance issues with controlled inputs,Debounce or use onBlur instead,let timeout; onChange(() => clearTimeout(timeout)...),https://dev.wix.com/docs/blocks/changelog#input-debounce,medium,known-issue,input;performance;events,
WB-011,Wix Developer Forum,https://www.wix.com/velo/forum/blocks-settingspanel-limits,15/01/2024,unknown,component-limitations,settings-panel,Settings panel dropdown limited to 50 items,Dropdown component crashes with >50 options,Implement search or pagination for large lists,// Use text input with datalist instead,https://www.wix.com/velo/forum/blocks-settingspanel-limits#workaround,medium,confirmed-limitation,settings;dropdown;limits,
WB-012,Wix Developer Forum,https://www.wix.com/velo/forum/collection-permissions-widgets,28/12/2023,unknown,api-restrictions,collections,Widget cannot modify collection permissions,Blocks apps cannot change collection read/write rules,Set permissions manually in dashboard before deployment,// Permissions must be preset - no API,https://www.wix.com/velo/forum/collection-permissions-widgets,high,platform-limitation,collections;permissions;security,
WB-013,Wix Developer Forum,https://www.wix.com/velo/forum/import-npm-packages-blocked,10/01/2024,unknown,development-workflow,dependencies,Cannot import most npm packages,Only approved Velo packages work in Blocks,Use approved list or implement from scratch,// import lodash - FAILS,https://dev.wix.com/docs/blocks/approved-packages,high,platform-design,npm;dependencies;limitations,
WB-014,Wix Developer Forum,https://www.wix.com/velo/forum/widget-memory-leaks,25/11/2023,unknown,deployment-issues,performance,Memory leaks with repeater event handlers,Events not cleaned up on repeater refresh,Remove handlers before data update,$w('#repeater').onItemReady = null; // cleanup,https://www.wix.com/velo/forum/widget-memory-leaks#cleanup,high,known-bug,memory;repeater;performance,
WB-015,Wix Developer Forum,https://www.wix.com/velo/forum/backend-function-timeout,8/01/2024,unknown,api-restrictions,backend,Backend functions timeout at 14 seconds,No way to extend timeout limit,Break into smaller operations or use queues,// Split large operations into chunks,https://www.wix.com/velo/forum/backend-function-timeout#chunking,medium,platform-limitation,backend;timeout;performance,
WB-016,Stack Overflow,https://stackoverflow.com/questions/77567890/,2/01/2024,2,component-limitations,repeater,Nested repeaters not supported,Cannot place repeater inside repeater item,Use single repeater with grouped data structure,// Flatten nested structure first,https://stackoverflow.com/a/77567891,high,platform-limitation,repeater;nested;components,
WB-017,Stack Overflow,https://stackoverflow.com/questions/77445566/,18/12/2023,unknown,data-handling,props,Widget props cannot be objects with methods,Functions stripped from prop objects,Pass data only and recreate methods inside widget,const data = JSON.parse(JSON.stringify(obj)),https://stackoverflow.com/a/77445567,medium,platform-design,props;serialization;methods,
WB-018,Stack Overflow,https://stackoverflow.com/questions/77223344/,20/11/2023,unknown,platform-architecture,testing,No unit testing framework for Blocks,Cannot test widgets in isolation,Manual testing only or create mock environment,// No Jest/Mocha available,https://stackoverflow.com/a/77223345,high,missing-feature,testing;development;workflow,
WB-019,Stack Overflow,https://stackoverflow.com/questions/77334455/,1/12/2023,unknown,component-limitations,events,Custom events cannot bubble outside widget,Widget events isolated in iframe,Use postMessage or wix-location,import {postMessage} from 'wix-window';,https://stackoverflow.com/a/77334456,medium,platform-architecture,events;iframe;communication,
WB-020,Stack Overflow,https://stackoverflow.com/questions/77123456/,15/10/2023,1.9,deployment-issues,versioning,No version control for widget code,Cannot rollback widget changes,Manual backup before each deployment,// Copy code to external repository,https://stackoverflow.com/a/77123457,high,missing-feature,versioning;deployment;workflow,
WB-021,Official Changelog,https://dev.wix.com/docs/blocks/changelog#2023-11,1/11/2023,2,api-restrictions,http-functions,HTTP functions cannot return custom headers,Limited to standard headers only,Use body for custom data instead,"return {body: data, headers: {}}",https://dev.wix.com/docs/blocks/http-functions#headers,medium,platform-limitation,http;api;headers,
WB-022,Wix Developer Forum,https://www.wix.com/velo/forum/blocks-console-log-missing,10/12/2023,unknown,development-workflow,debugging,Console.log not visible in production,Production logs hidden from browser console,Use custom logging service or wix-monitoring,import {log} from 'backend/logger';,https://www.wix.com/velo/forum/blocks-console-log-missing#monitoring,medium,platform-design,debugging;console;production,
WB-023,GitHub Issues,https://github.com/wix/wix-blocks-examples/issues/12,20/09/2023,unknown,component-limitations,layout,CSS Grid not fully supported in widgets,Some grid properties ignored in iframe,Use flexbox as fallback,display: flex; /* grid fails */,https://github.com/wix/wix-blocks-examples/issues/12#flexbox,medium,platform-bug,css;grid;layout,
WB-024,Wix Developer Forum,https://www.wix.com/velo/forum/dataset-widget-connection,5/01/2024,unknown,data-handling,dataset,Datasets cannot connect across widget boundary,Widget cannot access page datasets,Pass data through props or recreate dataset,// Must create dataset inside widget,https://www.wix.com/velo/forum/dataset-widget-connection,high,platform-architecture,dataset;data;isolation,
WB-025,Stack Overflow,https://stackoverflow.com/questions/76987654/,30/08/2023,1.8,platform-architecture,storage,LocalStorage not accessible in widgets,Widget iframe has different origin,Use wix-storage-frontend instead,import {local} from 'wix-storage-frontend';,https://stackoverflow.com/a/76987655,medium,security-feature,storage;iframe;security,
WB-026,Wix Developer Forum,https://www.wix.com/velo/forum/animation-api-limited,22/12/2023,unknown,component-limitations,animations,Timeline animations not available in Blocks,No access to wix-animations timeline,Use CSS animations or manual transitions,element.style.transition = 'all 0.3s';,https://www.wix.com/velo/forum/animation-api-limited#css,low,missing-feature,animations;timeline;api,
WB-027,Official Changelog,https://dev.wix.com/docs/blocks/changelog#2023-10,15/10/2023,1.9,development-workflow,ide,No code completion for widget properties,IDE doesn't recognize custom props,Manual typing or external IDE development,// Type props manually,https://dev.wix.com/docs/blocks/development-tips,medium,tooling-limitation,ide;intellisense;development,
WB-028,Stack Overflow,https://stackoverflow.com/questions/76543210/,12/07/2023,unknown,api-restrictions,payments,Payment APIs not available in Blocks,Cannot process payments from widgets,Redirect to page with payment functionality,wixLocation.to('/checkout');,https://stackoverflow.com/a/76543211,high,platform-limitation,payments;api;restrictions,
WB-029,Wix Developer Forum,https://www.wix.com/velo/forum/svg-import-fails,30/11/2023,unknown,component-limitations,media,Cannot import SVG files directly,SVG must be uploaded as image,Convert to PNG or use Vector Art,$w('#vector').src = 'wix:vector://...',https://www.wix.com/velo/forum/svg-import-fails#vector,low,workaround-available,svg;media;import,
WB-030,Stack Overflow,https://stackoverflow.com/questions/77789012/,22/01/2024,unknown,deployment-issues,caching,Widget changes cached aggressively,Users see old version after deployment,Force refresh with version parameter,"?v= + Date.now() // cache bust""",https://stackoverflow.com/a/77789013,medium,platform-behavior,caching;deployment;versioning,
WB-031,Wix Developer Forum,https://www.wix.com/velo/forum/coding-with-velo/html-iframe-srcdoc-not-updating,15/02/2024,unknown,html-display,iframe-content,HTML iframe srcdoc property not updating dynamically,Setting srcdoc on iframe after initial load doesn't reflect changes,Use postMessage to communicate with iframe instead,$w('#html1').postMessage({html: newContent}),https://www.wix.com/velo/forum/coding-with-velo/html-iframe-srcdoc-not-updating,high,confirmed-limitation,html;iframe;dynamic-content,yes
WB-032,Stack Overflow,https://stackoverflow.com/questions/78234567/,30/01/2024,unknown,html-display,sanitization,Script tags stripped from HTML component,Cannot inject custom scripts via HTML component,Use custom element or web component approach,class MyElement extends HTMLElement {},https://stackoverflow.com/a/78234568,high,by-design,html;security;scripts,yes
WB-033,Wix Developer Forum,https://www.wix.com/velo/forum/tips-tutorials-examples/html-component-css-isolation,8/02/2024,unknown,html-display,styling,CSS in HTML component affects entire page,Styles leak out of HTML component boundaries,Use unique class prefixes or shadow DOM,const shadow = this.attachShadow({mode: 'open'}),https://github.com/wix-incubator/wix-blocks-examples/,medium,workaround-exists,html;css;isolation,yes
WB-034,Dev.to,https://dev.to/wixdev/gotchas-html-content-rendering,18/01/2024,unknown,html-display,rendering,HTML content renders differently in preview vs live,Preview mode doesn't match production rendering,Test in both environments before deployment,// Always test in preview AND live,https://dev.to/wixdev/gotchas-html-content-rendering,medium,platform-behavior,html;preview;rendering,yes
WB-035,Stack Overflow,https://stackoverflow.com/questions/78456789/,20/02/2024,unknown,component-limitations,repeater,Repeater item animations don't work with dynamic data,Animation triggers before data is loaded,Use onItemReady with setTimeout,"$w('#repeater').onItemReady(($item) => setTimeout(() => animate($item), 100))",https://stackoverflow.com/a/78456790,medium,timing-issue,repeater;animation;timing,yes
WB-036,Wix Developer Forum,https://www.wix.com/velo/forum/community-discussion/nested-repeaters-performance,12/02/2024,unknown,component-limitations,repeater,Nested repeaters cause severe performance issues,Page freezes with more than 50 total items,Flatten data structure or use pagination,// Limit to 20 parent items with 5 children each,https://www.wix.com/velo/reference/$w/repeater/introduction,high,platform-limitation,repeater;performance;nested,yes
WB-037,GitHub Issues,https://github.com/wix/velo-external-db/issues/234,25/01/2024,unknown,data-handling,external-db,External database adapter timeout after 14 seconds,Long queries fail with timeout error,Implement caching or break into smaller queries,"const cache = wixData.get('cache').eq('key', queryKey)",https://github.com/wix/velo-external-db/,high,platform-limitation,database;timeout;external,yes
WB-038,Stack Overflow,https://stackoverflow.com/questions/78567890/,18/02/2024,unknown,api-restrictions,http-functions,HTTP functions limited to 60 second execution,Backend operations timeout before completion,Use job scheduler for long operations,import {jobs} from 'wix-jobs-backend',https://www.wix.com/velo/reference/wix-jobs-backend,high,by-design,api;timeout;backend,yes
WB-039,Wix Developer Forum,https://www.wix.com/velo/forum/tips-tutorials-examples/lightbox-data-passing,5/02/2024,unknown,component-limitations,lightbox,Lightbox loses context when opened from repeater,Cannot identify which item triggered lightbox,Pass item ID through lightbox context,"wixWindow.openLightbox('MyLightbox', {itemId: item._id})",https://www.wix.com/velo/reference/wix-window/openlightbox,medium,workaround-exists,lightbox;repeater;context,yes
WB-040,Reddit,https://reddit.com/r/WixHelp/comments/htmlcomponent,28/01/2024,unknown,html-display,events,HTML component click events don't bubble properly,Parent elements can't catch HTML component events,Use postMessage for event communication,"$w('#html1').on('message', (event) => handleClick(event.data))",https://www.wix.com/velo/reference/$w/htmlcomponent/postmessage,medium,by-design,html;events;communication,yes
WB-041,Dev.to,https://dev.to/blocks-gotchas-dataset-filters,14/02/2024,unknown,data-handling,dataset,Dataset filters reset on page navigation,Filter state lost when moving between dynamic pages,Store filters in session storage,import {session} from 'wix-storage',https://www.wix.com/velo/reference/wix-storage/session,medium,workaround-exists,dataset;filters;state,yes
WB-042,Stack Overflow,https://stackoverflow.com/questions/78678901/,10/02/2024,unknown,component-limitations,gallery,Gallery component doesn't support video items,Cannot mix images and videos in gallery,Use repeater with custom media handling,if(item.type === 'video') $item('#video').src = item.url,https://stackoverflow.com/a/78678902,medium,platform-limitation,gallery;media;video,yes
WB-043,Wix Developer Forum,https://www.wix.com/velo/forum/coding-with-velo/custom-element-memory-leak,22/02/2024,unknown,html-display,custom-elements,Custom elements not cleaned up on page change,Memory leaks with complex custom elements,Implement disconnectedCallback properly,disconnectedCallback() { this.cleanup(); },https://developer.mozilla.org/en-US/docs/Web/Web_Components,high,best-practice,custom-element;memory;lifecycle,yes
WB-044,GitHub Issues,https://github.com/wix-blocks/issues/456,20/01/2024,unknown,development-workflow,testing,No unit testing framework for Wix Blocks,Cannot write automated tests for widget logic,Use external testing with mocked Wix APIs,// Mock $w object for testing,https://github.com/wix-blocks/testing-examples,high,platform-limitation,testing;development;workflow,untested
WB-045,Stack Overflow,https://stackoverflow.com/questions/78789012/,16/02/2024,unknown,api-restrictions,fetch,Fetch API CORS restrictions in preview mode,External API calls blocked in preview,Use backend HTTP functions as proxy,import {fetch} from 'wix-fetch',https://www.wix.com/velo/reference/wix-fetch,high,security-feature,api;cors;fetch,yes
WB-046,Wix Developer Forum,https://www.wix.com/velo/forum/community-discussion/dropdown-options-limit,7/02/2024,unknown,component-limitations,dropdown,Dropdown limited to 1000 options,Large datasets truncated in dropdown,Implement search with dynamic loading,$w('#input').onInput(() => filterOptions()),https://www.wix.com/velo/forum/community-discussion/dropdown-options-limit,medium,platform-limitation,dropdown;limits;ui,yes
WB-047,YouTube,https://youtube.com/watch?v=blocks-gotchas,24/01/2024,unknown,html-display,sizing,HTML component height calculation issues,Auto-height doesn't work reliably,Set explicit height or use ResizeObserver,new ResizeObserver(() => updateHeight()),https://youtube.com/watch?v=blocks-gotchas&t=420,medium,workaround-exists,html;sizing;responsive,yes
WB-048,Dev.to,https://dev.to/wixblocks/state-management-gotchas,11/02/2024,unknown,data-handling,state,Widget state lost on browser refresh,No built-in state persistence,Use wix-storage for state management,import {local} from 'wix-storage',https://www.wix.com/velo/reference/wix-storage,high,by-design,state;storage;persistence,yes
WB-049,Stack Overflow,https://stackoverflow.com/questions/78890123/,19/02/2024,unknown,component-limitations,text,Rich text editor strips custom HTML,Cannot add custom attributes to text,Use HTML component for complex formatting,$w('#html1').html = customHTML,https://stackoverflow.com/a/78890124,low,by-design,text;html;formatting,yes
WB-050,Wix Developer Forum,https://www.wix.com/velo/forum/tips-tutorials-examples/svg-rendering,3/02/2024,unknown,html-display,svg,SVG animations don't work in HTML component,SMIL animations blocked for security,Use CSS animations or JavaScript,@keyframes rotate { to { transform: rotate(360deg); }},https://www.wix.com/velo/forum/tips-tutorials-examples/svg-rendering,medium,security-feature,svg;animation;html,yes
WB-051,GitHub Issues,https://github.com/wix/corvid-types/issues/789,16/01/2024,unknown,development-workflow,types,TypeScript definitions incomplete for Blocks,Many widget properties missing from types,Use type assertions or contribute to DefinitelyTyped,// @ts-ignore - missing in types,https://github.com/DefinitelyTyped/DefinitelyTyped,medium,community-issue,typescript;types;development,yes
WB-052,Reddit,https://reddit.com/r/WixHelp/comments/mobilescroll,9/02/2024,unknown,component-limitations,mobile,Horizontal scroll broken on mobile devices,Touch events conflict with platform handling,Disable platform gestures in problem areas,$w('#container').onTouchStart((e) => e.stopPropagation()),https://reddit.com/r/WixHelp/comments/mobilescroll,high,platform-conflict,mobile;scroll;touch,yes
WB-053,Stack Overflow,https://stackoverflow.com/questions/78901234/,13/02/2024,unknown,api-restrictions,collections,Collection hooks don't trigger for bulk operations,beforeInsert skipped on bulk insert,Implement custom bulk handler,export async function bulkInsert(items) { for(let item of items) await insert(item); },https://stackoverflow.com/a/78901235,high,platform-limitation,collections;hooks;bulk,yes
WB-054,Wix Developer Forum,https://www.wix.com/velo/forum/coding-with-velo/date-picker-timezone,31/01/2024,unknown,component-limitations,date-picker,Date picker shows wrong timezone,UTC conversion issues with date picker,Manual timezone adjustment required,const localDate = new Date(date.getTime() - date.getTimezoneOffset() * 60000),https://www.wix.com/velo/reference/$w/datepicker,medium,known-issue,date;timezone;ui,yes
WB-055,Dev.to,https://dev.to/wixdev/iframe-sandboxing-issues,21/02/2024,unknown,html-display,iframe,Iframe sandbox attributes too restrictive,Cannot use payment forms in iframe,Request sandbox permissions carefully,"'sandbox=""allow-forms allow-scripts allow-same-origin""'",https://dev.to/wixdev/iframe-sandboxing-issues,high,security-feature,iframe;sandbox;security,yes
WB-056,YouTube,https://youtube.com/watch?v=repeater-performance,6/02/2024,unknown,component-limitations,repeater,Repeater re-renders all items on single change,Poor performance with large lists,Use forEachItem for targeted updates,"$w('#repeater').forEachItem(($item, itemData, index) => { if(index === targetIndex) update($item); })",https://youtube.com/watch?v=repeater-performance&t=240,high,platform-behavior,repeater;performance;rendering,yes
WB-057,Stack Overflow,https://stackoverflow.com/questions/79012345/,27/01/2024,unknown,data-handling,query,Query results limited to 1000 items,Cannot retrieve more than 1000 records,Implement pagination with skip,query.skip(pageNumber * pageSize).limit(pageSize),https://www.wix.com/velo/reference/wix-data/query,high,platform-limitation,query;limits;pagination,yes
WB-058,Wix Developer Forum,https://www.wix.com/velo/forum/community-discussion/window-object-access,17/02/2024,unknown,api-restrictions,globals,Limited access to window object,Many browser APIs unavailable,Use Wix APIs or custom elements,"// window.crypto not available, use wix-crypto",https://www.wix.com/velo/reference/wix-crypto,high,security-feature,window;api;restrictions,yes
WB-059,GitHub Issues,https://github.com/wix-playground/blocks/issues/234,1/02/2024,unknown,development-workflow,debugging,Console.log statements removed in production,Cannot debug production issues easily,Use monitoring service or custom logging,import {logEvent} from 'wix-monitoring',https://www.wix.com/velo/reference/wix-monitoring,medium,platform-behavior,debugging;console;production,yes
WB-060,Reddit,https://reddit.com/r/WixHelp/comments/formvalidation,23/02/2024,unknown,component-limitations,forms,Form validation happens after submission,Cannot prevent form submission on validation fail,Use custom submit handler,$w('#submitButton').onClick(async () => { if(validate()) await submit(); }),https://reddit.com/r/WixHelp/comments/formvalidation,medium,workaround-exists,forms;validation;submission,yes
WB-061,Stack Overflow,https://stackoverflow.com/questions/79123456/,4/02/2024,unknown,data-handling,realtime,No realtime data synchronization,Changes don't reflect across user sessions,Implement polling or websocket alternative,"setInterval(() => dataset.refresh(), 5000)",https://stackoverflow.com/a/79123457,high,platform-limitation,realtime;sync;data,yes
WB-062,Wix Developer Forum,https://www.wix.com/velo/forum/coding-with-velo/collection-permissions-api,29/01/2024,unknown,api-restrictions,permissions,Cannot modify collection permissions via API,Permissions must be set manually in editor,Pre-configure all permission scenarios,// Permissions set in Wix Editor only,https://www.wix.com/velo/reference/wix-data/permissions,high,platform-limitation,collections;permissions;api,yes
WB-063,Dev.to,https://dev.to/wixblocks/async-await-gotchas,12/02/2024,unknown,data-handling,async,Async operations in onReady can cause race conditions,Page renders before data loads,Use Promise.all for concurrent operations,"await Promise.all([loadData1(), loadData2()])",https://dev.to/wixblocks/async-await-gotchas,high,best-practice,async;timing;onready,yes
WB-064,GitHub Issues,https://github.com/wix/blocks-sdk/issues/567,8/02/2024,unknown,component-limitations,table,Table component doesn't support cell customization,Cannot add buttons or custom HTML to cells,Use repeater to build custom table,$w('#repeater').data = tableData,https://github.com/wix/blocks-sdk/issues/567,medium,platform-limitation,table;customization;repeater,yes
WB-065,Stack Overflow,https://stackoverflow.com/questions/79234567/,23/01/2024,unknown,api-restrictions,email,Email API rate limited to 500/day,Marketing campaigns hit limits quickly,Use external email service integration,import {sendWithSendGrid} from 'backend/email-service',https://stackoverflow.com/a/79234568,high,platform-limitation,email;limits;api,yes
WB-066,Wix Developer Forum,https://www.wix.com/velo/forum/tips-tutorials-examples/memory-store-limitations,16/02/2024,unknown,data-handling,caching,Memory storage cleared unexpectedly,In-memory cache lost between function calls,Use wix-storage instead of variables,import {memory} from 'wix-storage',https://www.wix.com/velo/reference/wix-storage/memory,medium,platform-behavior,memory;storage;caching,yes
WB-067,YouTube,https://youtube.com/watch?v=dataset-performance,19/01/2024,unknown,data-handling,dataset,Dataset mode affects performance significantly,Read-write mode slower than read-only,Use read-only mode when possible,$w('#dataset').setMode('read'),https://youtube.com/watch?v=dataset-performance&t=180,medium,performance-tip,dataset;performance;mode,yes
WB-068,Reddit,https://reddit.com/r/WixHelp/comments/uploadsize,20/02/2024,unknown,api-restrictions,uploads,File upload limited to 25MB,Large media files rejected,Compress files or use external storage,// Compress before upload,https://reddit.com/r/WixHelp/comments/uploadsize,medium,platform-limitation,upload;files;limits,yes
WB-069,Stack Overflow,https://stackoverflow.com/questions/79345678/,2/02/2024,unknown,component-limitations,maps,Google Maps integration lacks customization,Cannot style map or add custom markers,Use HTML component with Maps API,$w('#html1').src = 'https://maps.google.com/...',https://stackoverflow.com/a/79345679,medium,workaround-exists,maps;google;customization,yes
WB-070,Wix Developer Forum,https://www.wix.com/velo/forum/community-discussion/router-dynamic-pages,26/01/2024,unknown,api-restrictions,routing,Router API doesn't work with dynamic pages,Cannot programmatically navigate to dynamic routes,Use wixLocation for navigation,import {to} from 'wix-location',https://www.wix.com/velo/reference/wix-location,high,platform-limitation,routing;navigation;dynamic,yes
WB-071,Dev.to,https://dev.to/blocks-database-transactions,19/02/2024,unknown,data-handling,transactions,No database transaction support,Cannot rollback on error,Implement manual rollback logic,try { await op1(); await op2(); } catch { await rollback(); },https://dev.to/blocks-database-transactions,high,platform-limitation,database;transactions;consistency,yes
WB-072,GitHub Issues,https://github.com/wix/js-sdk/issues/890,11/02/2024,unknown,html-display,fonts,Custom fonts in HTML component require workarounds,@font-face declarations blocked,Host fonts externally and link,<link href='https://fonts.googleapis.com/css' rel='stylesheet'>,https://github.com/wix/js-sdk/issues/890,low,security-feature,fonts;html;css,yes
WB-073,Stack Overflow,https://stackoverflow.com/questions/79456789/,21/01/2024,unknown,component-limitations,video,Video player events unreliable,onEnded doesn't always fire,Use timeupdate as fallback,$w('#video').onTimeUpdate((event) => checkIfEnded(event)),https://stackoverflow.com/a/79456790,medium,platform-bug,video;events;player,yes
WB-074,Wix Developer Forum,https://www.wix.com/velo/forum/coding-with-velo/backend-secrets,6/02/2024,unknown,api-restrictions,secrets,Secrets Manager not accessible in all contexts,Some backend files can't access secrets,Use secrets.json for development,import {getSecret} from 'wix-secrets-backend',https://www.wix.com/velo/reference/wix-secrets-backend,high,platform-limitation,secrets;backend;security,yes
WB-075,YouTube,https://youtube.com/watch?v=collection-indexes,14/02/2024,unknown,data-handling,indexing,Collection indexes not created automatically,Queries slow without proper indexes,Manually create indexes for query fields,// Create index on 'email' field in CMS,https://youtube.com/watch?v=collection-indexes&t=300,high,best-practice,collections;indexes;performance,yes
WB-076,Reddit,https://reddit.com/r/WixHelp/comments/sessiontimeout,30/01/2024,unknown,data-handling,session,Session storage expires after 30 minutes,User data lost during long forms,Use local storage for persistence,import {local} from 'wix-storage',https://reddit.com/r/WixHelp/comments/sessiontimeout,medium,platform-behavior,session;storage;timeout,yes
WB-077,Stack Overflow,https://stackoverflow.com/questions/79567890/,18/02/2024,unknown,component-limitations,animation,Element animations conflict with scroll effects,Jerky animations when scroll animations active,Disable scroll effects on animated elements,$w('#element').scrollEffects = null,https://stackoverflow.com/a/79567891,low,platform-conflict,animation;scroll;effects,yes
WB-078,Wix Developer Forum,https://www.wix.com/velo/forum/tips-tutorials-examples/multilingual-dataset,7/02/2024,unknown,data-handling,multilingual,Datasets don't support multilingual content,Must duplicate collections per language,Use reference fields for translations,translationsRef: 'Translations/languageCode',https://www.wix.com/velo/forum/tips-tutorials-examples/multilingual-dataset,high,workaround-exists,multilingual;dataset;i18n,yes
WB-079,Dev.to,https://dev.to/wixdev/backend-function-timeout,25/01/2024,unknown,api-restrictions,backend,Backend functions timeout after 14 seconds,Long operations fail silently,Break into smaller operations or use job queue,import {invoke} from 'wix-backend-functions',https://dev.to/wixdev/backend-function-timeout,high,platform-limitation,backend;timeout;functions,yes
WB-080,GitHub Issues,https://github.com/wix/blocks/issues/123,22/02/2024,unknown,html-display,webgl,WebGL context lost in HTML component,3D graphics crash after navigation,Restore context on visibilitychange,"document.addEventListener('visibilitychange', restoreGL)",https://github.com/wix/blocks/issues/123,medium,browser-issue,webgl;html;graphics,yes
WB-081,Stack Overflow,https://stackoverflow.com/questions/79678901/,13/02/2024,unknown,component-limitations,slider,Slider component lacks keyboard support,Not accessible for keyboard users,Add keyboard event handlers manually,$w('#slider').onKeyPress((event) => handleArrowKeys(event)),https://stackoverflow.com/a/79678902,high,accessibility-issue,slider;accessibility;keyboard,yes
WB-082,Wix Developer Forum,https://www.wix.com/velo/forum/community-discussion/cors-preflight,17/01/2024,unknown,api-restrictions,cors,CORS preflight requests fail for custom headers,Cannot send Authorization header from frontend,Use backend function as proxy,"export async function callAPI(headers) { return fetch(url, {headers}); }",https://www.wix.com/velo/reference/wix-http-functions,high,security-feature,cors;api;headers,yes
WB-083,Reddit,https://reddit.com/r/WixHelp/comments/pdferrors,9/02/2024,unknown,html-display,pdf,PDF embed shows blank in some browsers,PDF viewer compatibility issues,Use Google Docs viewer as fallback,src='https://docs.google.com/viewer?url=' + pdfUrl,https://reddit.com/r/WixHelp/comments/pdferrors,medium,browser-issue,pdf;embed;compatibility,yes
WB-084,YouTube,https://youtube.com/watch?v=wix-pay-integration,3/02/2024,unknown,api-restrictions,payments,Wix Pay API limitations for custom flows,Cannot create fully custom checkout,Work within Wix Pay constraints,import {createPayment} from 'wix-pay-backend',https://youtube.com/watch?v=wix-pay-integration&t=420,high,platform-limitation,payments;api;checkout,yes
WB-085,Stack Overflow,https://stackoverflow.com/questions/79789012/,28/01/2024,unknown,component-limitations,search,Site search doesn't index dynamic content,Velo-generated content not searchable,Create static pages for SEO content,// Use router for SEO pages,https://stackoverflow.com/a/79789013,high,seo-limitation,search;seo;dynamic,yes
WB-086,Wix Developer Forum,https://www.wix.com/velo/forum/coding-with-velo/date-formatting,15/02/2024,unknown,data-handling,dates,Date formatting inconsistent across browsers,toLocaleDateString produces different results,Use date-fns or moment.js,import {format} from 'date-fns',https://www.wix.com/velo/forum/coding-with-velo/date-formatting,medium,browser-issue,date;formatting;consistency,yes
WB-087,Dev.to,https://dev.to/blocks-chatbot-limitations,24/02/2024,unknown,component-limitations,chat,No native chat/messaging component,Must build from scratch or embed,Use repeater for chat UI,$w('#chatRepeater').data = messages,https://dev.to/blocks-chatbot-limitations,medium,missing-feature,chat;messaging;components,yes
WB-088,GitHub Issues,https://github.com/wix/velo-cli/issues/456,14/01/2024,unknown,development-workflow,cli,Velo CLI doesn't support Blocks development,Cannot develop Blocks locally,Use online editor exclusively,// No local development option,https://github.com/wix/velo-cli,high,platform-limitation,cli;development;blocks,yes
WB-089,Stack Overflow,https://stackoverflow.com/questions/79890123/,21/02/2024,unknown,api-restrictions,scheduling,No cron job or scheduling API,Cannot run periodic tasks,Use external service webhooks,// Trigger via external cron service,https://stackoverflow.com/a/79890124,high,missing-feature,scheduling;cron;automation,yes
WB-090,Wix Developer Forum,https://www.wix.com/velo/forum/tips-tutorials-examples/ab-testing,10/02/2024,unknown,data-handling,analytics,No built-in A/B testing framework,Must implement custom solution,Use random assignment with analytics,if(Math.random() > 0.5) showVersionA(),https://www.wix.com/velo/forum/tips-tutorials-examples/ab-testing,medium,missing-feature,testing;analytics;optimization,untested
WB-091,Stack Overflow,https://stackoverflow.com/questions/79901234/,2024-01-31,unknown,html-display,canvas,Canvas element tainted by CORS,Cannot export canvas with external images,Proxy images through backend,"const proxyUrl = await getProxyUrl(imageUrl)",https://stackoverflow.com/a/79901235,high,security-feature,"canvas;cors;images",yes
WB-092,Wix Developer Forum,https://www.wix.com/velo/forum/community-discussion/member-roles,2024-02-05,unknown,api-restrictions,members,Cannot create custom member roles via API,Roles must be created in dashboard,Predefined roles only in code,"import {currentMember} from 'wix-members-backend'",https://www.wix.com/velo/reference/wix-members-backend,medium,platform-limitation,"members;roles;permissions",yes
WB-093,Dev.to,https://dev.to/wixblocks/ref-selector-pitfalls,2024-02-17,unknown,component-limitations,references,Reference field selectors show all items,Cannot filter reference options dynamically,Pre-filter data in collection,"// Filter must be in data model",https://dev.to/wixblocks/ref-selector-pitfalls,medium,platform-limitation,"references;filtering;ui",yes
WB-094,YouTube,https://youtube.com/watch?v=mobile-viewport,2024-01-22,unknown,component-limitations,mobile,Viewport height issues on mobile browsers,100vh includes browser UI,Use CSS custom properties fallback,"height: calc(var(--vh, 1vh) * 100)",https://youtube.com/watch?v=mobile-viewport&t=360,high,browser-issue,"mobile;viewport;css",yes
WB-095,GitHub Issues,https://github.com/wix/blocks-examples/issues/789,2024-02-13,unknown,development-workflow,versioning,No version control for Blocks code,Cannot rollback to previous versions,Manual backup strategy required,"// Copy code to external repo",https://github.com/wix/blocks-examples,high,missing-feature,"versioning;backup;development",yes
WB-096,Stack Overflow,https://stackoverflow.com/questions/80012345/,2024-02-08,unknown,html-display,audio,Audio autoplay blocked by browsers,Background music doesn't start,User interaction required first,"$w('#playButton').onClick(() => audio.play())",https://stackoverflow.com/a/80012346,medium,browser-policy,"audio;autoplay;policy",yes
WB-097,Reddit,https://reddit.com/r/WixHelp/comments/elementids,2024-01-27,unknown,component-limitations,ids,Element IDs changed in production,Hardcoded IDs break after publish,Use data attributes instead,"$w('[data-hook="myElement"]')",https://reddit.com/r/WixHelp/comments/elementids,high,platform-behavior,"elements;ids;selectors",yes
WB-098,Wix Developer Forum,https://www.wix.com/velo/forum/coding-with-velo/strip-payment-elements,2024-02-19,unknown,api-restrictions,payments,Cannot embed Stripe Elements directly,PCI compliance blocks payment forms,Use Wix Pay or backend integration,"// Process payments backend only",https://www.wix.com/velo/reference/wix-pay-backend,high,security-requirement,"payments;stripe;security",yes
WB-099,Stack Overflow,https://stackoverflow.com/questions/80123456/,2024-02-01,unknown,data-handling,references,Circular references cause infinite loops,Parent-child relationships crash queries,Limit query depth manually,"query.include('parent').limit(1)",https://stackoverflow.com/a/80123457,high,data-modeling,"references;loops;data",yes
WB-100,Dev.to,https://dev.to/wixdev/print-styling-issues,2024-02-12,unknown,html-display,printing,Print styles ignored in Wix sites,@media print CSS doesn't apply,Use print-specific page variant,"// Create separate print view",https://dev.to/wixdev/print-styling-issues,low,platform-limitation,"print;css;styling",yes
WB-101,GitHub Issues,https://github.com/wix/developer-docs/issues/234,2024-01-18,unknown,development-workflow,documentation,API documentation often outdated,Methods deprecated without notice,Test everything in sandbox first,"// Always verify in preview",https://github.com/wix/developer-docs,medium,documentation-issue,"docs;api;reliability",yes
WB-102,Wix Developer Forum,https://www.wix.com/velo/forum/tips-tutorials-examples/input-validation,2024-02-16,unknown,component-limitations,validation,Input validation events fire inconsistently,onChange vs onInput browser differences,Use both events for reliability,"$w('#input').onChange(validate).onInput(validate)",https://www.wix.com/velo/reference/$w/textinput,medium,browser-issue,"input;validation;events",yes
WB-103,YouTube,https://youtube.com/watch?v=seo-dynamic-pages,2024-02-06,unknown,data-handling,seo,Dynamic page SEO tags not updating,Meta tags cached aggressively,Force regeneration with changes,"wixSeo.setMetaTags({title: newTitle, forceUpdate: true})",https://youtube.com/watch?v=seo-dynamic-pages&t=240,high,caching-issue,"seo;meta;dynamic",yes
WB-104,Stack Overflow,https://stackoverflow.com/questions/80234567/,2024-01-24,unknown,api-restrictions,third-party,Third-party scripts blocked in preview,External analytics don't load in preview,Test only in published site,"if(wixWindow.viewMode === 'Site') loadAnalytics()",https://stackoverflow.com/a/80234568,medium,preview-limitation,"analytics;preview;scripts",yes
WB-105,Reddit,https://reddit.com/r/WixHelp/comments/repeaterselection,2024-02-21,unknown,component-limitations,repeater,No built-in selection state for repeater items,Must track selection manually,Use dataset for selection state,"$item('#container').onClick(() => toggleSelection(itemData._id))",https://reddit.com/r/WixHelp/comments/repeaterselection,medium,missing-feature,"repeater;selection;state",yes
WB-106,Wix Developer Forum,https://www.wix.com/velo/forum/community-discussion/export-limitations,2024-02-11,unknown,api-restrictions,export,Data export limited to 1000 rows,Large datasets truncated in export,Implement chunked export,"async function exportAll() { for(let page of pages) await exportPage(page) }",https://www.wix.com/velo/reference/wix-data,high,platform-limitation,"export;data;limits",yes
WB-107,Dev.to,https://dev.to/blocks-error-handling,2024-01-29,unknown,development-workflow,errors,Error boundaries don't exist in Velo,Uncaught errors crash whole page,Wrap all code in try-catch,"try { await riskyOperation() } catch(e) { showError(e) }",https://dev.to/blocks-error-handling,high,missing-feature,"errors;handling;stability",yes
WB-108,GitHub Issues,https://github.com/wix/blocks-sdk/issues/901,2024-02-14,unknown,html-display,shadow-dom,Shadow DOM partially supported,Some features broken in shadow DOM,Test thoroughly before using,"this.attachShadow({mode: 'open', delegatesFocus: true})",https://github.com/wix/blocks-sdk/issues/901,medium,partial-support,"shadow-dom;components;html",yes
WB-109,Stack Overflow,https://stackoverflow.com/questions/80345678/,2024-02-09,unknown,component-limitations,tooltip,Tooltips don't work on mobile devices,Touch events don't trigger tooltips,Create custom touch-friendly tooltips,"$w('#element').onTouchStart(() => showCustomTooltip())",https://stackoverflow.com/a/80345679,medium,mobile-limitation,"tooltip;mobile;touch",yes
WB-110,Wix Developer Forum,https://www.wix.com/velo/forum/coding-with-velo/backend-imports,2024-01-20,unknown,api-restrictions,imports,Cannot import ESM modules in backend,Only CommonJS supported,Use require or find CJS alternatives,"const module = require('old-module')",https://www.wix.com/velo/reference/backend-modules,high,platform-limitation,"modules;imports;backend",yes
WB-111,YouTube,https://youtube.com/watch?v=form-abandonment,2024-02-23,unknown,data-handling,forms,Form abandonment tracking not available,Cannot detect partially filled forms,Custom implementation required,"$w('#form').onChange(() => saveFormState())",https://youtube.com/watch?v=form-abandonment&t=180,medium,missing-feature,"forms;analytics;tracking",untested
WB-112,Reddit,https://reddit.com/r/WixHelp/comments/collectionhooks,2024-02-07,unknown,data-handling,hooks,Collection hooks run multiple times,Duplicate hook executions on save,Implement idempotency checks,"if(context.hookAlreadyRan) return",https://reddit.com/r/WixHelp/comments/collectionhooks,high,platform-bug,"collections;hooks;duplication",yes
WB-113,Stack Overflow,https://stackoverflow.com/questions/80456789/,2024-01-15,unknown,component-limitations,menu,Menu component not customizable,Cannot style menu items individually,Build custom menu with repeater,"$w('#menuRepeater').onItemReady(($item) => styleMenuItem($item))",https://stackoverflow.com/a/80456790,medium,platform-limitation,"menu;styling;customization",yes
WB-114,Wix Developer Forum,https://www.wix.com/velo/forum/tips-tutorials-examples/websocket-alternative,2024-02-18,unknown,api-restrictions,websockets,No WebSocket support in Velo,Cannot implement real-time features,Use polling or Server-Sent Events,"setInterval(() => checkForUpdates(), 1000)",https://www.wix.com/velo/forum/tips-tutorials-examples/websocket-alternative,high,missing-feature,"websockets;realtime;communication",yes
WB-115,Dev.to,https://dev.to/wixblocks/image-optimization,2024-02-02,unknown,html-display,images,Images not optimized automatically,Large images slow page load,Manual optimization required,"import {transform} from 'wix-media-backend'",https://dev.to/wixblocks/image-optimization,high,performance-issue,"images;optimization;performance",yes
WB-116,GitHub Issues,https://github.com/wix/blocks/issues/345,2024-01-26,unknown,development-workflow,deployment,Deployment rollback not available,Cannot revert failed deployment,Test thoroughly in preview,"// No rollback option exists",https://github.com/wix/blocks/issues/345,high,missing-feature,"deployment;rollback;production",yes
WB-117,Stack Overflow,https://stackoverflow.com/questions/80567890/,2024-02-20,unknown,component-limitations,effects,Scroll effects conflict with animations,Parallax breaks custom animations,Disable one or the other,"$w('#element').effects.removeAll()",https://stackoverflow.com/a/80567891,medium,platform-conflict,"effects;scroll;animation",yes
WB-118,YouTube,https://youtube.com/watch?v=cookie-consent,2024-02-04,unknown,data-handling,privacy,Cookie consent banner blocks Velo code,Scripts pause until consent given,Check consent before initialization,"if(hasConsent()) initializeApp()",https://youtube.com/watch?v=cookie-consent&t=300,high,privacy-requirement,"cookies;consent;gdpr",yes
WB-119,Reddit,https://reddit.com/r/WixHelp/comments/dynamicschema,2024-01-13,unknown,data-handling,schema,Cannot modify collection schema via code,Fields must be added manually,Use JSON field for flexibility,"data.customFields = JSON.stringify(dynamicData)",https://reddit.com/r/WixHelp/comments/dynamicschema,high,platform-limitation,"collections;schema;dynamic",yes
WB-120,Wix Developer Forum,https://www.wix.com/velo/forum/community-discussion/locale-detection,2024-02-25,unknown,api-restrictions,i18n,Browser locale detection unreliable,navigator.language not accessible,Use Wix multilingual APIs,"import {currentLanguage} from 'wix-window-frontend'",https://www.wix.com/velo/reference/wix-window-frontend,medium,platform-behavior,"locale;i18n;detection",yes
WB-121,Stack Overflow,https://stackoverflow.com/questions/80678901/,2024-02-15,unknown,html-display,webcomponents,Web Components polyfills conflict,Custom elements fail in older browsers,Include polyfills conditionally,"if(!window.customElements) loadPolyfill()",https://stackoverflow.com/a/80678902,medium,browser-compatibility,"webcomponents;polyfills;compatibility",yes
WB-122,Wix Developer Forum,https://www.wix.com/velo/forum/coding-with-velo/dataset-save-events,2024-01-19,unknown,data-handling,dataset,Dataset save events fire out of order,onAfterSave fires before save completes,Add delay or check save status,"setTimeout(() => handleAfterSave(), 100)",https://www.wix.com/velo/reference/$w/dataset,high,timing-issue,"dataset;events;save",yes
WB-123,Dev.to,https://dev.to/wixdev/hidden-elements-memory,2024-02-22,unknown,component-limitations,performance,Hidden elements still consume memory,Large hidden sections slow page,Remove instead of hide when possible,"$w('#section').delete() // instead of .hide()",https://dev.to/wixdev/hidden-elements-memory,medium,performance-tip,"memory;performance;elements",yes
WB-124,GitHub Issues,https://github.com/wix/blocks/issues/678,2024-02-03,unknown,api-restrictions,storage,localStorage not available in Blocks,Browser storage APIs restricted,Use wix-storage exclusively,"import {local} from 'wix-storage'",https://github.com/wix/blocks/issues/678,high,security-feature,"storage;localStorage;restrictions",yes
WB-125,YouTube,https://youtube.com/watch?v=repeater-pagination,2024-01-28,unknown,component-limitations,pagination,Repeater pagination loses scroll position,Page changes jump to top,Save and restore scroll position,"const scrollPos = window.scrollY; await changePage(); window.scrollTo(0, scrollPos)",https://youtube.com/watch?v=repeater-pagination&t=420,medium,ux-issue,"repeater;pagination;scroll",yes
WB-126,Stack Overflow,https://stackoverflow.com/questions/80789012/,2024-02-10,unknown,data-handling,cache,Query cache causes stale data,Changes not reflected immediately,Force cache refresh on updates,"wixData.query('collection').invalidateCache()",https://stackoverflow.com/a/80789013,high,caching-issue,"query;cache;data",yes
WB-127,Reddit,https://reddit.com/r/WixHelp/comments/buttonstate,2024-02-17,unknown,component-limitations,buttons,Button disabled state doesn't prevent clicks,onClick still fires when disabled,Check enabled state in handler,"if(!$w('#button').enabled) return",https://reddit.com/r/WixHelp/comments/buttonstate,medium,platform-bug,"button;state;events",yes
WB-128,Wix Developer Forum,https://www.wix.com/velo/forum/tips-tutorials-examples/dynamic-imports,2024-01-25,unknown,api-restrictions,modules,Dynamic imports not supported,Cannot lazy load modules,Import all modules upfront,"import {moduleA, moduleB} from 'public/modules'",https://www.wix.com/velo/forum/tips-tutorials-examples/dynamic-imports,medium,platform-limitation,"imports;modules;dynamic",yes
WB-129,Stack Overflow,https://stackoverflow.com/questions/80890123/,2024-02-13,unknown,html-display,contenteditable,ContentEditable elements lose focus,Cursor position resets on rerender,Preserve selection range manually,"const range = saveSelection(); update(); restoreSelection(range)",https://stackoverflow.com/a/80890124,medium,rendering-issue,"contenteditable;focus;selection",yes
WB-130,Dev.to,https://dev.to/blocks-deep-linking,2024-02-08,unknown,api-restrictions,navigation,Deep linking to anchors doesn't work,Cannot scroll to page sections,Implement custom scroll solution,"wixWindow.scrollTo(0, $w('#section').offsetTop)",https://dev.to/blocks-deep-linking,medium,platform-limitation,"navigation;anchors;scrolling",yes
WB-131,GitHub Issues,https://github.com/wix/corvid/issues/1234,2024-01-16,unknown,development-workflow,testing,No test mode for payment flows,Cannot test without real transactions,Use test payment credentials,"// Set test mode in payment provider",https://github.com/wix/corvid/issues/1234,high,testing-limitation,"payments;testing;development",yes
WB-132,YouTube,https://youtube.com/watch?v=collection-relationships,2024-02-19,unknown,data-handling,relations,Multi-reference fields have query limits,Cannot filter by multiple references,Denormalize data structure,"// Store references as array in single field",https://youtube.com/watch?v=collection-relationships&t=360,high,platform-limitation,"collections;references;queries",yes
WB-133,Wix Developer Forum,https://www.wix.com/velo/forum/community-discussion/image-upload-quality,2024-02-01,unknown,component-limitations,uploads,Image upload reduces quality,Compression applied automatically,Upload to external service for quality,"uploadToCloudinary(file).then(url => setImage(url))",https://www.wix.com/velo/forum/community-discussion/image-upload-quality,medium,platform-behavior,"upload;images;quality",yes
WB-134,Stack Overflow,https://stackoverflow.com/questions/80901234/,2024-01-23,unknown,api-restrictions,headers,Cannot set custom HTTP headers,Security headers blocked,Use backend for header control,"wixHttpFunctions.post({headers: customHeaders})",https://stackoverflow.com/a/80901235,high,security-feature,"http;headers;security",yes
WB-135,Reddit,https://reddit.com/r/WixHelp/comments/elementorder,2024-02-12,unknown,component-limitations,layout,Z-index doesn't work as expected,Stacking context issues,Use Wix Editor layers panel,"// Manage z-order in Editor",https://reddit.com/r/WixHelp/comments/elementorder,low,editor-limitation,"layout;z-index;stacking",yes
WB-136,Dev.to,https://dev.to/wixblocks/promise-rejection,2024-02-06,unknown,development-workflow,errors,Unhandled promise rejections silent,Errors swallowed without notice,Always use try-catch with async,"process.on('unhandledRejection', logError)",https://dev.to/wixblocks/promise-rejection,high,debugging-issue,"promises;errors;async",yes
WB-137,GitHub Issues,https://github.com/wix/blocks/issues/456,2024-01-30,unknown,html-display,media,Media queries in HTML component limited,Some breakpoints don't work,Use Wix responsive design instead,"// Use $w.onViewportChange()",https://github.com/wix/blocks/issues/456,medium,responsive-issue,"media-queries;responsive;css",yes
WB-138,Wix Developer Forum,https://www.wix.com/velo/forum/coding-with-velo/text-truncation,2024-02-24,unknown,component-limitations,text,Text truncation not reliable,Ellipsis doesn't appear consistently,Implement custom truncation,"text.slice(0, maxLength) + '...'",https://www.wix.com/velo/reference/$w/text,low,rendering-issue,"text;truncation;display",yes
WB-139,YouTube,https://youtube.com/watch?v=backend-scaling,2024-02-14,unknown,api-restrictions,scaling,Backend functions don't auto-scale,High load causes timeouts,Implement rate limiting,"import {rateLimiter} from 'backend/utils'",https://youtube.com/watch?v=backend-scaling&t=480,high,platform-limitation,"backend;scaling;performance",yes
WB-140,Stack Overflow,https://stackoverflow.com/questions/81012345/,2024-02-09,unknown,data-handling,aggregation,No aggregation functions in queries,Cannot use SUM, COUNT, AVG,Calculate in code after fetch,"const sum = items.reduce((a,b) => a + b.value, 0)",https://stackoverflow.com/a/81012346,high,missing-feature,"query;aggregation;data",yes
WB-141,Reddit,https://reddit.com/r/WixHelp/comments/lightboxsize,2024-01-21,unknown,component-limitations,lightbox,Lightbox size cannot be dynamic,Fixed dimensions only,Use multiple lightboxes for sizes,"if(isSmall) openLightbox('SmallBox')",https://reddit.com/r/WixHelp/comments/lightboxsize,medium,platform-limitation,"lightbox;sizing;responsive",yes
WB-142,Wix Developer Forum,https://www.wix.com/velo/forum/tips-tutorials-examples/member-login-redirect,2024-02-16,unknown,api-restrictions,authentication,Cannot customize login redirect,Default behavior only,Store intended URL in session,"session.setItem('redirectUrl', currentPage)",https://www.wix.com/velo/reference/wix-members,medium,platform-limitation,"authentication;redirect;members",yes
WB-143,Dev.to,https://dev.to/blocks-file-handling,2024-02-11,unknown,data-handling,files,File handling APIs limited,Cannot read file contents directly,Process files in backend only,"export async function processFile(url) { const data = await fetch(url) }",https://dev.to/blocks-file-handling,high,security-feature,"files;upload;processing",yes
WB-144,GitHub Issues,https://github.com/wix/sdk/issues/789,2024-01-26,unknown,component-limitations,animations,Animation callbacks unreliable,onComplete doesn't always fire,Use setTimeout as backup,"$w('#element').show('fade', {duration: 300}); setTimeout(callback, 350)",https://github.com/wix/sdk/issues/789,medium,platform-bug,"animation;callbacks;timing",yes
WB-145,Stack Overflow,https://stackoverflow.com/questions/81123456/,2024-02-20,unknown,html-display,viewport,Viewport units broken in iOS,100vh includes Safari UI,Use window.innerHeight instead,"element.style.height = window.innerHeight + 'px'",https://stackoverflow.com/a/81123457,high,browser-issue,"viewport;ios;mobile",yes
WB-146,YouTube,https://youtube.com/watch?v=ssr-rendering,2024-02-02,unknown,data-handling,ssr,Server-side rendering inconsistent,Dynamic content not in initial HTML,Critical content in static elements,"// Move SEO content to static text",https://youtube.com/watch?v=ssr-rendering&t=300,high,seo-issue,"ssr;seo;rendering",yes
WB-147,Reddit,https://reddit.com/r/WixHelp/comments/vectorgraphics,2024-01-12,unknown,html-display,vector,Vector graphics blur on retina,SVG rendering issues on high DPI,Use larger viewBox dimensions,"viewBox='0 0 200 200' // 2x size",https://reddit.com/r/WixHelp/comments/vectorgraphics,low,display-issue,"svg;retina;graphics",yes
WB-148,Wix Developer Forum,https://www.wix.com/velo/forum/community-discussion/email-templates,2024-02-18,unknown,api-restrictions,email,Email templates not customizable via code,Must use predefined templates,Create HTML email manually,"sendEmail({html: customTemplate})",https://www.wix.com/velo/reference/wix-email,medium,platform-limitation,"email;templates;customization",yes
WB-149,Stack Overflow,https://stackoverflow.com/questions/81234567/,2024-02-07,unknown,development-workflow,monitoring,No performance monitoring APIs,Cannot track render times,Use external monitoring service,"// Integrate with DataDog or similar",https://stackoverflow.com/a/81234568,medium,missing-feature,"monitoring;performance;analytics",untested
WB-150,Dev.to,https://dev.to/wixblocks/third-party-widgets,2024-02-23,unknown,html-display,embed,Third-party widgets break in preview,External embeds blocked in preview,Test only in published site,"if(wixWindow.rendering.env === 'browser') loadWidget()",https://dev.to/wixblocks/third-party-widgets,medium,preview-limitation,"embed;preview;widgets",yes
WB-151,Stack Overflow,https://stackoverflow.com/questions/81345678/,2024-01-24,unknown,component-limitations,input,Input masks not supported natively,No built-in phone/credit card formatting,Implement custom input handler,"$w('#input').onInput((e) => formatPhoneNumber(e.target.value))",https://stackoverflow.com/a/81345679,medium,missing-feature,"input;formatting;masks",yes
WB-152,Wix Developer Forum,https://www.wix.com/velo/forum/coding-with-velo/global-styles,2024-02-21,unknown,html-display,styling,Global CSS affects editor interface,Custom styles break Wix Editor,Scope CSS carefully,".my-widget-class { /* styles */ }",https://www.wix.com/velo/forum/coding-with-velo/global-styles,high,side-effect,"css;global;editor",yes
WB-153,GitHub Issues,https://github.com/wix/blocks/issues/890,2024-02-04,unknown,api-restrictions,databases,Cannot connect to external databases directly,No direct SQL access,Use External Database Collections,"import {getExternalDatabaseCollection} from 'wix-data'",https://github.com/wix/blocks/issues/890,high,security-feature,"database;external;sql",yes
WB-154,Dev.to,https://dev.to/wixdev/browser-console-access,2024-01-17,unknown,development-workflow,debugging,Browser console filtered in production,Console methods overridden,Use custom logging solution,"window._log = console.log.bind(console)",https://dev.to/wixdev/browser-console-access,medium,platform-behavior,"console;debugging;production",yes
WB-155,YouTube,https://youtube.com/watch?v=member-badges,2024-02-15,unknown,component-limitations,members,Member badges not accessible via API,Cannot display badges programmatically,Query badge info from Members collection,"wixData.query('Members/Badges')",https://youtube.com/watch?v=member-badges&t=240,medium,api-gap,"members;badges;display",untested
WB-156,Reddit,https://reddit.com/r/WixHelp/comments/customfonts,2024-02-08,unknown,html-display,fonts,Custom fonts load slowly,FOUT/FOIT issues common,Preload critical fonts,"<link rel='preload' as='font'>",https://reddit.com/r/WixHelp/comments/customfonts,medium,performance-issue,"fonts;loading;performance",yes
WB-157,Stack Overflow,https://stackoverflow.com/questions/81456789/,2024-01-29,unknown,data-handling,permissions,Collection permissions cached aggressively,Permission changes not immediate,Clear user session after changes,"wixUsers.logout().then(() => wixUsers.promptLogin())",https://stackoverflow.com/a/81456790,high,caching-issue,"permissions;cache;collections",yes
WB-158,Wix Developer Forum,https://www.wix.com/velo/forum/tips-tutorials-examples/geolocation,2024-02-13,unknown,api-restrictions,location,Geolocation API requires HTTPS,Doesn't work in preview mode,Use IP-based location as fallback,"import {getVisitorLocation} from 'backend/geo'",https://www.wix.com/velo/forum/tips-tutorials-examples/geolocation,medium,browser-requirement,"geolocation;https;api",yes
WB-159,GitHub Issues,https://github.com/wix/velo-api/issues/123,2024-02-19,unknown,component-limitations,charts,No native charting components,Must use third-party libraries,Embed Chart.js in HTML component,"$w('#html').postMessage({type: 'chart', data: chartData})",https://github.com/wix/velo-api/issues/123,medium,missing-feature,"charts;visualization;components",yes
WB-160,Stack Overflow,https://stackoverflow.com/questions/81567890/,2024-01-20,unknown,development-workflow,packages,NPM packages not directly usable,Cannot import from node_modules,Use web-compatible versions only,"// Copy package to public folder",https://stackoverflow.com/a/81567891,high,platform-limitation,"npm;packages;imports",yes
WB-161,Dev.to,https://dev.to/blocks-keyboard-shortcuts,2024-02-10,unknown,component-limitations,keyboard,Keyboard shortcuts conflict with browser,Ctrl/Cmd keys intercepted,Use alternative key combinations,"if(!e.ctrlKey && e.key === 's') saveForm()",https://dev.to/blocks-keyboard-shortcuts,medium,browser-conflict,"keyboard;shortcuts;events",yes
WB-162,YouTube,https://youtube.com/watch?v=payment-webhooks,2024-02-01,unknown,api-restrictions,webhooks,Webhook endpoints require authentication,Cannot receive public webhooks,Implement token validation,"if(request.headers.token !== SECRET) return forbidden()",https://youtube.com/watch?v=payment-webhooks&t=180,high,security-requirement,"webhooks;api;authentication",yes
WB-163,Reddit,https://reddit.com/r/WixHelp/comments/mobilegestures,2024-02-22,unknown,component-limitations,touch,Touch gestures limited on mobile,Swipe/pinch not fully supported,Use simple tap interactions only,"$w('#element').onClick() // not onSwipe",https://reddit.com/r/WixHelp/comments/mobilegestures,medium,mobile-limitation,"touch;gestures;mobile",yes
WB-164,Wix Developer Forum,https://www.wix.com/velo/forum/community-discussion/sitemap-generation,2024-01-14,unknown,data-handling,seo,Dynamic pages excluded from sitemap,SEO impact for dynamic content,Submit sitemap manually,"// Generate sitemap.xml programmatically",https://www.wix.com/velo/forum/community-discussion/sitemap-generation,high,seo-limitation,"sitemap;seo;dynamic",yes
WB-165,Stack Overflow,https://stackoverflow.com/questions/81678901/,2024-02-16,unknown,html-display,animations,CSS animations pause on tab switch,Background tabs throttled,Use Web Animations API instead,"element.animate(keyframes, options)",https://stackoverflow.com/a/81678902,low,browser-behavior,"animation;background;performance",yes
WB-166,GitHub Issues,https://github.com/wix/blocks-cli/issues/234,2024-02-05,unknown,development-workflow,ci-cd,No CI/CD pipeline support,Cannot automate deployments,Manual deployment only,"// No automation available",https://github.com/wix/blocks-cli/issues/234,high,missing-feature,"deployment;automation;ci-cd",yes
WB-167,Dev.to,https://dev.to/wixblocks/memory-limits,2024-01-27,unknown,api-restrictions,memory,Memory limits on backend functions,Large operations fail,Stream or chunk data processing,"for(const chunk of chunks) await processChunk(chunk)",https://dev.to/wixblocks/memory-limits,high,platform-limitation,"memory;backend;limits",yes
WB-168,YouTube,https://youtube.com/watch?v=custom-domains,2024-02-18,unknown,api-restrictions,domains,Custom domain API not available,Cannot manage domains via code,Use Wix Dashboard only,"// Domain management manual only",https://youtube.com/watch?v=custom-domains&t=120,low,platform-limitation,"domains;api;management",yes
WB-169,Stack Overflow,https://stackoverflow.com/questions/81789012/,2024-02-11,unknown,component-limitations,slider,Range slider lacks touch support,Difficult to use on mobile,Create custom touch slider,"$w('#customSlider').onTouchMove(updateValue)",https://stackoverflow.com/a/81789013,medium,mobile-issue,"slider;touch;mobile",yes
WB-170,Reddit,https://reddit.com/r/WixHelp/comments/appcaching,2024-01-22,unknown,development-workflow,caching,App code cached between sessions,Changes don't reflect for users,Version your API endpoints,"/api/v2/getData // increment version",https://reddit.com/r/WixHelp/comments/appcaching,high,deployment-issue,"caching;versioning;deployment",yes
WB-171,Wix Developer Forum,https://www.wix.com/velo/forum/coding-with-velo/blob-handling,2024-02-06,unknown,data-handling,binary,Blob/File API support limited,Cannot process binary data easily,Use base64 encoding,"const base64 = await fileToBase64(file)",https://www.wix.com/velo/forum/coding-with-velo/blob-handling,medium,api-limitation,"blob;files;binary",yes
WB-172,GitHub Issues,https://github.com/wix/react-native/issues/567,2024-01-31,unknown,component-limitations,mobile-app,Velo code doesn't work in Wix app,Mobile app uses different runtime,Detect and handle app context,"if(wixWindow.formFactor === 'Mobile') handleMobileApp()",https://github.com/wix/react-native/issues/567,high,platform-difference,"mobile;app;compatibility",yes
WB-173,Stack Overflow,https://stackoverflow.com/questions/81890123/,2024-02-24,unknown,api-restrictions,rate-limits,API rate limits undocumented,Limits discovered through errors,Implement exponential backoff,"await retry(apiCall, {backoff: true})",https://stackoverflow.com/a/81890124,high,documentation-gap,"api;limits;documentation",yes
WB-174,Dev.to,https://dev.to/blocks-social-sharing,2024-02-09,unknown,component-limitations,social,Social sharing buttons limited,Cannot customize share content,Build custom share URLs,"window.open('https://twitter.com/intent/tweet?text=' + text)",https://dev.to/blocks-social-sharing,low,platform-limitation,"social;sharing;customization",yes
WB-175,YouTube,https://youtube.com/watch?v=database-migration,2024-01-18,unknown,data-handling,migration,No database migration tools,Schema changes are manual,Version your data models,"// Add version field to collections",https://youtube.com/watch?v=database-migration&t=360,high,missing-feature,"database;migration;schema",yes
WB-176,Reddit,https://reddit.com/r/WixHelp/comments/searchindexing,2024-02-14,unknown,data-handling,search,Site search index updates slowly,New content not searchable immediately,Implement custom search,"const results = await searchCollection(query)",https://reddit.com/r/WixHelp/comments/searchindexing,medium,indexing-delay,"search;indexing;content",yes
WB-177,Wix Developer Forum,https://www.wix.com/velo/forum/tips-tutorials-examples/cors-proxy,2024-02-03,unknown,api-restrictions,cors,CORS proxy adds latency,Backend proxying slow,Cache proxy responses,"const cached = await cache.get(url) || await proxy(url)",https://www.wix.com/velo/forum/tips-tutorials-examples/cors-proxy,medium,performance-issue,"cors;proxy;latency",yes
WB-178,Stack Overflow,https://stackoverflow.com/questions/81901234/,2024-01-25,unknown,component-limitations,rich-content,Rich Content editor API limited,Cannot programmatically format text,Use HTML component for rich editing,"$w('#html').html = richTextToHtml(content)",https://stackoverflow.com/a/81901235,medium,api-limitation,"editor;rich-text;api",yes
WB-179,GitHub Issues,https://github.com/wix/blocks/issues/1001,2024-02-17,unknown,html-display,intersection,Intersection Observer restricted,Cannot detect element visibility,Use scroll event fallback,"$w.onScroll(() => checkVisibility())",https://github.com/wix/blocks/issues/1001,medium,api-restriction,"intersection;visibility;scroll",yes
WB-180,Dev.to,https://dev.to/wixdev/timezone-handling,2024-02-12,unknown,data-handling,timezone,Timezone handling inconsistent,Server/client timezone mismatch,Always use UTC in database,"new Date().toISOString() // Store as UTC",https://dev.to/wixdev/timezone-handling,high,best-practice,"timezone;dates;consistency",yes
WB-181,YouTube,https://youtube.com/watch?v=multilingual-routing,2024-01-16,unknown,api-restrictions,routing,Multilingual routing not customizable,Cannot create custom language URLs,Use Wix multilingual settings,"// Language routing automatic only",https://youtube.com/watch?v=multilingual-routing&t=420,medium,platform-limitation,"routing;multilingual;urls",yes
WB-182,Stack Overflow,https://stackoverflow.com/questions/82012345/,2024-02-20,unknown,component-limitations,autocomplete,Autocomplete component missing,Must build typeahead from scratch,Use input with dropdown,"$w('#input').onInput(() => showSuggestions())",https://stackoverflow.com/a/82012346,medium,missing-feature,"autocomplete;input;components",yes
WB-183,Reddit,https://reddit.com/r/WixHelp/comments/pdfviewer,2024-02-07,unknown,html-display,pdf,PDF viewer customization limited,Cannot add annotations or controls,Use PDF.js in HTML component,"<iframe src='pdfjs/viewer.html?file=' + pdfUrl>",https://reddit.com/r/WixHelp/comments/pdfviewer,medium,platform-limitation,"pdf;viewer;customization",yes
WB-184,Wix Developer Forum,https://www.wix.com/velo/forum/community-discussion/service-workers,2024-01-19,unknown,api-restrictions,pwa,Service workers not supported,Cannot create PWA features,Limited offline functionality only,"// No service worker access",https://www.wix.com/velo/forum/community-discussion/service-workers,high,missing-feature,"pwa;service-worker;offline",yes
WB-185,GitHub Issues,https://github.com/wix/editor-sdk/issues/456,2024-02-15,unknown,development-workflow,sdk,Editor SDK incomplete,Many editor features not exposed,Work within available APIs only,"// Editor manipulation limited",https://github.com/wix/editor-sdk/issues/456,medium,sdk-limitation,"editor;sdk;api",yes
WB-186,Stack Overflow,https://stackoverflow.com/questions/82123456/,2024-01-26,unknown,component-limitations,canvas,Canvas context lost frequently,WebGL crashes on complex scenes,Implement context restoration,"canvas.addEventListener('webglcontextlost', restore)",https://stackoverflow.com/a/82123457,high,stability-issue,"canvas;webgl;crash",yes
WB-187,Dev.to,https://dev.to/blocks-ab-testing-advanced,2024-02-21,unknown,data-handling,testing,A/B test data not segregated,Test variants mix in analytics,Tag events with variant ID,"trackEvent('click', {variant: 'A'})",https://dev.to/blocks-ab-testing-advanced,medium,analytics-issue,"testing;analytics;data",yes
WB-188,YouTube,https://youtube.com/watch?v=infinite-scroll,2024-02-02,unknown,component-limitations,scroll,Infinite scroll performance issues,Repeater slows with many items,Implement virtual scrolling,"// Render only visible items",https://youtube.com/watch?v=infinite-scroll&t=300,high,performance-issue,"scroll;repeater;performance",yes
WB-189,Reddit,https://reddit.com/r/WixHelp/comments/backupcode,2024-01-11,unknown,development-workflow,backup,No automatic code backup,Code loss risk on errors,Manual Git backup recommended,"// Export code regularly",https://reddit.com/r/WixHelp/comments/backupcode,high,data-safety,"backup;code;safety",yes
WB-190,Wix Developer Forum,https://www.wix.com/velo/forum/coding-with-velo/promise-timeout,2024-02-13,unknown,api-restrictions,async,No Promise timeout utility,Hanging promises block execution,Implement timeout wrapper,"Promise.race([operation(), timeout(5000)])",https://www.wix.com/velo/forum/coding-with-velo/promise-timeout,medium,missing-utility,"promises;timeout;async",yes
WB-191,Stack Overflow,https://stackoverflow.com/questions/82234567/,2024-02-08,unknown,html-display,aspect-ratio,Aspect ratio CSS not supported,Images stretch in containers,Calculate dimensions manually,"height = width * (9/16) // 16:9 ratio",https://stackoverflow.com/a/82234568,low,css-support,"css;aspect-ratio;images",yes
WB-192,GitHub Issues,https://github.com/wix/blocks/issues/1234,2024-01-13,unknown,component-limitations,drag-drop,Drag and drop events limited,Cannot implement sortable lists,Use click-to-move interface,"$w('#moveUp').onClick(() => moveItem(-1))",https://github.com/wix/blocks/issues/1234,medium,interaction-limitation,"drag-drop;ui;interaction",yes
WB-193,Dev.to,https://dev.to/wixblocks/oauth-implementation,2024-02-16,unknown,api-restrictions,oauth,OAuth flow requires backend only,Cannot use implicit flow,Implement authorization code flow,"// Handle OAuth in backend functions",https://dev.to/wixblocks/oauth-implementation,high,security-requirement,"oauth;authentication;flow",yes
WB-194,YouTube,https://youtube.com/watch?v=custom-cursors,2024-01-28,unknown,html-display,cursor,Custom cursors not supported,CSS cursor property limited,Use following element technique,"$w('#cursor').moveToMouse(event)",https://youtube.com/watch?v=custom-cursors&t=240,low,styling-limitation,"cursor;css;ui",yes
WB-195,Reddit,https://reddit.com/r/WixHelp/comments/errortracking,2024-02-19,unknown,development-workflow,monitoring,No error tracking service,Production errors invisible,Integrate third-party monitoring,"window.onerror = (e) => logToSentry(e)",https://reddit.com/r/WixHelp/comments/errortracking,high,observability-gap,"errors;monitoring;production",yes
WB-196,Wix Developer Forum,https://www.wix.com/velo/forum/tips-tutorials-examples/lazy-loading,2024-02-05,unknown,component-limitations,images,Native lazy loading not configurable,All images load immediately,Implement Intersection Observer,"observer.observe($w('#image')[0])",https://www.wix.com/velo/forum/tips-tutorials-examples/lazy-loading,medium,performance-issue,"images;lazy-loading;performance",yes
WB-197,Stack Overflow,https://stackoverflow.com/questions/82345678/,2024-01-15,unknown,data-handling,export,CSV export formatting issues,Numbers converted to text,Format data before export,"data.price = parseFloat(data.price)",https://stackoverflow.com/a/82345679,low,export-issue,"export;csv;formatting",yes
WB-198,GitHub Issues,https://github.com/wix/platform/issues/789,2024-02-11,unknown,api-restrictions,platform,Platform events not comprehensive,Many user actions not trackable,Use available events only,"// No event for tab visibility",https://github.com/wix/platform/issues/789,medium,event-limitation,"events;platform;tracking",yes
WB-199,Dev.to,https://dev.to/blocks-performance-budgets,2024-02-25,unknown,development-workflow,performance,No performance budget tools,Cannot set loading constraints,Manual performance testing only,"// Use browser DevTools",https://dev.to/blocks-performance-budgets,medium,tooling-gap,"performance;testing;tools",untested
WB-200,YouTube,https://youtube.com/watch?v=edge-cases-collection,2024-02-09,unknown,data-handling,edge-cases,Empty collections cause errors,Queries fail on no results,Always check for empty results,"if(!results.items.length) return []",https://youtube.com/watch?v=edge-cases-collection&t=180,medium,error-handling,"collections;errors;edge-cases",yes